# title	source	width	height
File:001.The Creation of Light.jpg	Category:Doré's English Bible	2317	2920
File:002.The Creation of Eve.jpg	Category:Doré's English Bible	2320	2891
File:003.Adam and Eve Are Driven out of Eden.jpg	Category:Doré's English Bible	2324	2919
File:004.Cain and Abel Offer Their Sacrifices.jpg	Category:Doré's English Bible	2340	2903
File:005.Cain Slays Abel.jpg	Category:Doré's English Bible	3036	3826
File:006.The World Is Destroyed by Water.jpg	Category:Doré's English Bible	2328	2920
File:007.The Great Flood.jpg	Category:Doré's English Bible	2303	2867
File:008.A Dove Is Sent Forth from the Ark.jpg	Category:Doré's English Bible	2342	2919
File:009.Noah Curses Ham and Canaan.jpg	Category:Doré's English Bible	2358	2952
File:010.The Tower of Babel.jpg	Category:Doré's English Bible	2297	2897
File:011.Abraham Goes to the Land of Canaan.jpg	Category:Doré's English Bible	2617	2074
File:012.Abraham and the Three Angels.jpg	Category:Doré's English Bible	2303	2888
File:013.Lot Flees as Sodom and Gomorrah Burn.jpg	Category:Doré's English Bible	2326	2901
File:014.Abraham Sends Hagar and Ishmael Away.jpg	Category:Doré's English Bible	2331	2908
File:015.Hagar and Ishmael in the Wilderness.jpg	Category:Doré's English Bible	2281	2874
File:016.The Testing of Abraham's Faith.jpg	Category:Doré's English Bible	2303	2904
File:017.The Burial of Sarah.jpg	Category:Doré's English Bible	2325	2919
File:018.Eliezer and Rebekah at the Well.jpg	Category:Doré's English Bible	2325	2961
File:019.The Meeting of Isaac and Rebekah.jpg	Category:Doré's English Bible	2370	2920
File:020.Isaac Blesses Jacob.jpg	Category:Doré's English Bible	2298	2943
File:021.Jacob's Dream.jpg	Category:Doré's English Bible	2315	2873
File:022.Jacob Tends Laban's Flocks and Meets Rachel.jpg	Category:Doré's English Bible	2323	2927
File:023.Jacob Prays for Protection.jpg	Category:Doré's English Bible	2307	2890
File:024.Jacob Wrestles with the Angel.jpg	Category:Doré's English Bible	1559	1918
File:025.Jacob and Esau Meet.jpg	Category:Doré's English Bible	2325	2879
File:026.Joseph Is Sold by His Brothers.jpg	Category:Doré's English Bible	2330	2909
File:027.Joseph Interprets Pharaoh's Dream.jpg	Category:Doré's English Bible	2324	2903
File:028.Joseph Reveals Himself to His Brothers.jpg	Category:Doré's English Bible	2325	2903
File:029.Jacob Goes to Egypt.jpg	Category:Doré's English Bible	2226	2869
File:030.The Child Moses on the Nile.jpg	Category:Doré's English Bible	2622	2087
File:031.The Finding of Moses.jpg	Category:Doré's English Bible	2353	2921
File:032.Moses and Aaron Appear before Pharaoh.jpg	Category:Doré's English Bible	2334	2908
File:033.The Fifth Plague. Livestock Disease.jpg	Category:Doré's English Bible	2645	2079
File:034.The Ninth Plague. Darkness.jpg	Category:Doré's English Bible	2627	2122
File:035.The Firstborn of the Egyptians Are Slain.jpg	Category:Doré's English Bible	2328	2932
File:036.The Egyptians Ask Moses to Depart.jpg	Category:Doré's English Bible	2316	2932
File:037.The Egyptians Drown in the Sea.jpg	Category:Doré's English Bible	2598	2081
File:038.The Giving of the Law on Mount Sinai.jpg	Category:Doré's English Bible	2603	2089
File:039.Moses Comes Down from Mount Sinai.jpg	Category:Doré's English Bible	2292	2911
File:040.The Death of Korah, Dathan, and Abiram.jpg	Category:Doré's English Bible	2340	2922
File:041.Moses Strikes the Rock at Horeb.jpg	Category:Doré's English Bible	2317	2921
File:041A.Moses Breaks the Tables of the Law.jpg	Category:Doré's English Bible	2334	2931
File:041B.The Spies Return from the Promised Land.jpg	Category:Doré's English Bible	2305	2885
File:042.The Bronze Serpent.jpg	Category:Doré's English Bible	2297	2904
File:043.An Angel Appears to Balaam.jpg	Category:Doré's English Bible	2328	2914
File:044. The Israelites Cross the Jordan River.jpg	Category:Doré's English Bible	2634	2110
File:045. An Angel Appears to the Israelites.jpg	Category:Doré's English Bible	2358	2919
File:046.The Walls of Jericho Fall Down.jpg	Category:Doré's English Bible	2308	2910
File:047.Joshua Spares Rahab.jpg	Category:Doré's English Bible	2301	2916
File:048.Achan Is Stoned to Death.jpg	Category:Doré's English Bible	2317	2950
File:049.Joshua Burns the Town of Ai.jpg	Category:Doré's English Bible	2304	2943
File:050.The Army of the Amorites Is Destroyed.jpg	Category:Doré's English Bible	2364	2927
File:051.Joshua Commands the Sun to Stand Still.jpg	Category:Doré's English Bible	2627	2095
File:052.Jael Kills Sisera.jpg	Category:Doré's English Bible	2331	2915
File:053.Deborah Praises Jael.jpg	Category:Deborah Praises Jael	2319	2902
File:054.Gideon Chooses 300 Soldiers.jpg	Category:Doré's English Bible	2583	2059
File:055.The Midianites Are Routed.jpg	Category:Doré's English Bible	2652	2105
File:056.The Death of Gideon's Sons.jpg	Category:Doré's English Bible	2285	2902
File:057.The Death of Abimelech.jpg	Category:Doré's English Bible	2358	2930
File:058.Jephthah's Daughter Comes to Meet Her Father.jpg	Category:Doré's English Bible	2339	2926
File:059.Israelite Women Mourn with Jephthah's Daughter.jpg	Category:Doré's English Bible	2658	2082
File:060.Samson Slays a Lion.jpg	Category:Doré's English Bible	2340	2907
File:061.Samson Destroys the Philistines with an Ass' Jawbone.jpg	Category:Doré's English Bible	2313	2887
File:062.Samson Carries away the Gates of Gaza.jpg	Category:Doré's English Bible	2616	2094
File:063.Samson and Delilah.jpg	Category:Doré's English Bible	2335	2901
File:064.The Death of Samson.jpg	Category:Doré's English Bible	2301	2899
File:065.A Levite Finds a Woman's Corpse.jpg	Category:Doré's English Bible	2301	2920
File:066.The Levite Carries the Woman's Body Away.jpg	Category:Doré's English Bible	2328	2914
File:067.The Benjaminites Take the Virgins of Jabesh-gilead.jpg	Category:Doré's English Bible	2303	2928
File:068.Naomi and Her Daughters-in-Law.jpg	Category:Doré's English Bible	2340	2922
File:069.Ruth and Boaz.jpg	Category:Doré's English Bible	2325	2927
File:070.The Ark Is Returned to Beth-shemesh.jpg	Category:Doré's English Bible	2640	2092
File:070A.Samuel Blesses Saul.jpg	Category:Doré's English Bible	2314	2880
File:071.The Death of Agag.jpg	Category:Doré's English Bible	2322	2931
File:071A.David Slays Goliath.jpg	Category:Doré's English Bible	2314	2908
File:072.Saul Attempts to Kill David.jpg	Category:Doré's English Bible	2328	2898
File:073.David Escapes through a Window.jpg	Category:Doré's English Bible	2333	2926
File:073A.David and Jonathan.jpg	Category:Doré's English Bible	2313	2914
File:074.David Shows Saul How He Spared His Life.jpg	Category:Doré's English Bible	2316	2892
File:075.Saul and the Witch of Endor.jpg	Category:Doré's English Bible	2310	2925
File:076.The Death of Saul.jpg	Category:Doré's English Bible	2325	2910
File:077.Jabesh-Gileadites Recover the Bodies of Saul and His Sons.jpg	Category:Doré's English Bible	2341	2921
File:078.Combat between Soldiers of Ish-bosheth and David.jpg	Category:Doré's English Bible	2301	2888
File:079.David Attacks the Ammonites.jpg	Category:Doré's English Bible	2623	2104
File:080.The Death of Absalom.jpg	Category:Doré's English Bible	2317	2898
File:081.David Mourns the Death of Absalom.jpg	Category:Doré's English Bible	2349	2902
File:082.Rizpah’s Kindness toward the Dead.jpg	Category:Doré's English Bible	2329	2875
File:083.Abishai Saves David's Life.jpg	Category:Doré's English Bible	2298	2899
File:084.The Judgment of Solomon.jpg	Category:Doré's English Bible	2364	2910
File:085.Cedars Are Cut Down for the Jerusalem Temple.jpg	Category:Doré's English Bible	2313	2895
File:086.Solomon Receives the Queen of Sheba.jpg	Category:Doré's English Bible	2347	2943
File:087.King Solomon in Old Age.jpg	Category:Doré's English Bible	2367	2921
File:088.The Disobedient Prophet Is Slain by a Lion.jpg	Category:Doré's English Bible	2277	2926
File:089.Elijah Raises the Son of the Widow of Zarephath.jpg	Category:Doré's English Bible	2296	2873
File:090.The Prophets of Baal Are Slaughtered.jpg	Category:Doré's English Bible	2278	2890
File:091.Elijah Is Nourished by an Angel.jpg	Category:Doré's English Bible	2323	2914
File:092.The Israelites Slaughter the Syrians.jpg	Category:Doré's English Bible	2627	2115
File:093.The Death of Ahab.jpg	Category:Doré's English Bible	2305	2902
File:094.Elijah Destroys the Messengers of Ahaziah.jpg	Category:Doré's English Bible	2335	2903
File:095.Elijah Ascends to Heaven in a Chariot of Fire.jpg	Category:Doré's English Bible	2284	2907
File:095.Some Children Are Destroyed by Bears.jpg	Category:Doré's English Bible	2296	2871
File:096.A Famine in Samaria.jpg	Category:Doré's English Bible	2212	2820
File:097.The Death of Jezebel.jpg	Category:Doré's English Bible	2290	2886
File:098.Jehu's Companions Find Jezebel's Remains.jpg	Category:Doré's English Bible	2345	2925
File:099.The Death of Athaliah.jpg	Category:Doré's English Bible	2352	2921
File:1-concubine-dore.jpg	Category:Art depicting the Old Testament by Gustave Doré	343	439
File:100.Foreign Nations Are Slain by Lions in Samaria.jpg	Category:Doré's English Bible	2357	2926
File:101.Sennacherib's Army Is Destroyed.jpg	Category:Doré's English Bible	2296	2909
File:102.Zedekiah's Sons Are Slaughtered before His Eyes.jpg	Category:Doré's English Bible	2381	3225
File:102A.The Plague of Jerusalem.jpg	Category:Doré's English Bible	2293	2933
File:103.The Ammonite and Moabite Armies Are Destroyed.jpg	Category:Doré's English Bible	2287	2857
File:104.Cyrus Restores the Vessels of the Temple.jpg	Category:Doré's English Bible	2323	2927
File:105.The Rebuilding of the Temple Is Begun.jpg	Category:Doré's English Bible	2328	2934
File:106.Artaxerxes Grants Freedom to the Jews.jpg	Category:Doré's English Bible	2290	2871
File:107.Ezra Kneels in Prayer.jpg	Category:Doré's English Bible	2277	2892
File:108.Nehemiah Views the Ruins of Jerusalem's Walls.jpg	Category:Doré's English Bible	2351	2922
File:109.Ezra Reads the Law to the People.jpg	Category:Doré's English Bible	2301	2907
File:110.Tobias and the Angel.jpg	Category:Doré's English Bible	2304	2898
File:111.The Angel Raphael and the Family of Tobit.jpg	Category:Doré's English Bible	2358	2838
File:112.Judith and Holofernes.jpg	Category:Doré's English Bible	2334	2909
File:113.Judith Shows the Head of Holofernes.jpg	Category:Doré's English Bible	2358	2911
File:114.Queen Vashti Refuses to Obey Ahasuerus' Command.jpg	Category:Doré's English Bible	2340	2951
File:115.Esther Before the King.jpg	Category:Doré's English Bible	2316	2902
File:116.The Triumph of Mordecai.jpg	Category:Doré's English Bible	2310	2911
File:117.Esther Accuses Haman.jpg	Category:Doré's English Bible	2279	2869
File:118.Job Hears of His Misfortunes.jpg	Category:Doré's English Bible	2334	2933
File:119.Job Speaks with His Friends.jpg	Category:Doré's English Bible	2334	2887
File:120.The Prophet Isaiah.jpg	Category:Doré's English Bible	2290	2862
File:121.Isaiah's Vision of the Destruction of Babylon.jpg	Category:Doré's English Bible	2662	2081
File:122.The Destruction of Leviathan.jpg	Category:Doré's English Bible	2310	2897
File:123.Baruch Writes Jeremiah's Prophecies.jpg	Category:Doré's English Bible	2334	2873
File:123.The Prophet Jeremiah.jpg	Category:Doré's English Bible	2322	2921
File:123.The Prophet Jeremiah (retusche).jpg	Category:Art depicting the Old Testament by Gustave Doré	2322	2921
File:124.People Mourn over the Destruction of Jerusalem.jpg	Category:Doré's English Bible	2357	2927
File:125.Baruch.jpg	Category:Doré's English Bible	2352	2868
File:126.The Prophet Ezekiel.jpg	Category:Doré's English Bible	2304	2895
File:127.Ezekiel’s Vision of the Valley of Dry Bones.jpg	Category:Art depicting the Old Testament by Gustave Doré	2345	2895
File:128.Daniel among the Exiles.jpg	Category:Doré's English Bible	2368	2928
File:129.Shadrach, Meshach and Abednego in the Furnace.jpg	Category:Doré's English Bible	2316	2925
File:130.Daniel Interprets the Writing on the Wall.jpg	Category:Doré's English Bible	2345	2937
File:131.Daniel in the Lions' Den.jpg	Category:Doré's English Bible	2292	2904
File:132.Daniel's Vision of the Four Beasts.jpg	Category:Doré's English Bible	2593	2049
File:133.Susanna in the Bath.jpg	Category:Doré's English Bible	2339	2916
File:134.The Justification of Susanna.jpg	Category:Doré's English Bible	2346	2910
File:135.Daniel Confounds the Priests of Bel.jpg	Category:Doré's English Bible	2322	2916
File:136.The Prophet Amos.jpg	Category:Doré's English Bible	2334	2949
File:137.Jonah Is Spewed Forth by the Whale.jpg	Category:Doré's English Bible	2321	2905
File:138.Jonah Preaches to the Ninevites.jpg	Category:Doré's English Bible	2313	2901
File:139.Micah Exhorts the Israelites to Repent.jpg	Category:Doré's English Bible	2673	2131
File:140.Zechariah's Vision of Four Chariots.jpg	Category:Doré's English Bible	2304	2898
File:141.Mattathias and the Apostate.jpg	Category:Doré's English Bible	2288	2871
File:142.Matthias Appealing to Jewish Refugees.jpg	Category:Doré's English Bible	2278	2886
File:143.Judas Maccabeus Pursues Timotheus.jpg	Category:Doré's English Bible	2580	2046
File:144.The Death of Eleazar.jpg	Category:Doré's English Bible	2340	2916
File:145.Judas Maccabeus before the Army of Nicanor.jpg	Category:Doré's English Bible	2572	2070
File:146.Jonathan Destroys the Temple of Dagon.jpg	Category:Doré's English Bible	2301	2904
File:147.Heliodorus Is Cast Down.jpg	Category:Doré's English Bible	2334	2922
File:148.The Army Appears in the Heavens.jpg	Category:Doré's English Bible	2628	2100
File:149.The Martyrdom of Eleazar the Scribe.jpg	Category:Doré's English Bible	2296	2868
File:150.The Courage of a Mother.jpg	Category:Doré's English Bible	2334	2915
File:151.The Punishment of Antiochus.jpg	Category:Doré's English Bible	2316	2911
File:152.The Angel Is Sent to Deliver Israel.jpg	Category:Doré's English Bible	2634	2130
File:1924-04-19-Antonio-Mosca-da-Luigi-Granatelli-a.jpg	Category:Art depicting the Old Testament by Gustave Doré	1061	1661
File:1924-12-23-Antonio-Mosca-da-Luigi-Granatelli-a.jpg	Category:Art depicting the Old Testament by Gustave Doré	1040	1661
File:1925-Antonio-Mosca-da-Luigi-Granatelli-a.jpg	Category:Art depicting the Old Testament by Gustave Doré	660	1089
File:A child's guide to the Bible (IA childsguidetobib00hodgrich).pdf	search:Dore Bible illustration	764	1147
File:Abraham,God and two angels.png	Category:Art depicting the Old Testament by Gustave Doré	961	1210
File:Abraham,God and two angels (89393872).jpg	Category:Art depicting the Old Testament by Gustave Doré	3064	3800
File:Abraham Journeying into the Land of Canaan.png	Category:Art depicting the Old Testament by Gustave Doré	574	456
File:Abraham Journeying into the Land of Canaan (89393798).jpg	Category:Art depicting the Old Testament by Gustave Doré	3867	3119
File:Abraham and the Three Angels.png	Category:Art depicting the Old Testament by Gustave Doré	961	1210
File:Abraham and the Three Angels (89393872).jpg	Category:Art depicting the Old Testament by Gustave Doré	3094	3813
File:Académie royale des sciences, des lettres et des beaux-arts de Belgique - Bulletins des séances de la classe des sciences, 1864 (IA bulletinsdelacad21864acad).pdf	search:Doré La Grande Bible de Tours	737	1229
File:Achan Stoned to Death (89397053).jpg	Category:Art depicting the Old Testament by Gustave Doré	3112	3880
File:Achanstoned.jpg	Category:Art depicting the Old Testament by Gustave Doré	440	600
File:Achanstoned (cropped).jpg	Category:Art depicting the Old Testament by Gustave Doré	430	538
File:Adam and Eve Driven out of Eden.png	Category:Art depicting the Old Testament by Gustave Doré	961	1210
File:Adam and Eve Driven out of Eden (89392756).jpg	Category:Art depicting the Old Testament by Gustave Doré	3096	3888
File:Adam and Eve expelled from Paradise.png	Category:Art depicting the Old Testament by Gustave Doré	1997	2538
File:Adamandevesin.jpg	Category:Art depicting the Old Testament by Gustave Doré	2347	3187
File:Alberti- De la statue et de la peinture, 1868.djvu	search:Doré La Grande Bible de Tours	3259	5209
File:Album de l'exposition rétrospective de Tours (1890) - publié sous les auspices de la Société Archéologique de Touraine (IA albumdelexpositi00palu).pdf	search:Doré La Grande Bible de Tours	1391	1960
File:Alibaba et les quarante voleurs - (estampe) (Fumé inédit) - G. Doré ; Joliet - btv1b10321150w.jpg	search:Dore Bible illustration	3656	4920
File:Anatole France - La Rôtisserie de la reine Pédauque.djvu	search:Doré La Grande Bible de Tours	1752	2820
File:Angel decimates Sennacherib's army (89398167).jpg	Category:Art depicting the Old Testament by Gustave Doré	3072	3832
File:Annales de la Société archéologique de Namur (IA annalesdelasocie21soci).pdf	search:Doré La Grande Bible de Tours	925	1316
File:Annales de la société Jean-Jacques Rousseau, tome 19.djvu	search:Doré La Grande Bible de Tours	1890	2481
File:Apollinaire - L’Enfer de la Bibliothèque nationale.djvu	search:Doré La Grande Bible de Tours	2000	3446
File:Arabia, Egypt, India- a narrative of travel (IA arabiaegyptindia00burtrich).pdf	search:Gustave Doré The Holy Bible Plate	639	991
File:Arabia, Egypt, India - A Narrative of Travel.djvu	search:Gustave Doré The Holy Bible Plate	2133	3308
File:Athaliah1.jpg	Category:Art depicting the Old Testament by Gustave Doré	400	452
File:Athaliah (93218836).jpg	Category:Art depicting the Old Testament by Gustave Doré	3192	4056
File:Audubon - Scènes de la nature, traduction Bazin, 1868, tome 1.djvu	search:Doré La Grande Bible de Tours	1617	3026
File:Baruch.jpg	Category:Art depicting the Old Testament by Gustave Doré	4847	5949
File:BaruchWritingJeremiah sProphecies.jpeg	Category:Art depicting the Old Testament by Gustave Doré	516	643
File:Baruch Writing Jeremiah's Prophecies (89467495).jpg	Category:Art depicting the Old Testament by Gustave Doré	3336	4112
File:Bataille - Le Pinson de la mansarde, 1875.djvu	search:Doré La Grande Bible de Tours	4267	6400
File:Bible stories in rhyme, (IA biblestoriesinrh00hayf).pdf	search:Dore Bible illustration	1870	2612
File:Bible stories my children love best of all (IA biblestoriesmych00john).pdf	search:Dore Bible illustration	975	1510
File:Bible talks with children.. (IA bibletalkswithc00sooy).pdf	search:Dore Bible illustration	1256	1685
File:Bibliotheca nicotiana - a first catalogue of books about tobacco (IA b2486755x).pdf	search:Gustave Doré The Holy Bible Plate	722	1285
File:Bulletin de la Société archéologique, scientifique et littéraire du Vendômois (IA duvendomois16soci).pdf	search:Doré La Grande Bible de Tours	762	1310
File:Bulletin de la Société de l'histoire du protestantisme français (IA bulletindelasoci4185soci).pdf	search:Doré La Grande Bible de Tours	904	1429
File:By Dore, Gustave; La Sainte Trinite.jpg	Category:Art depicting the New Testament by Gustave Doré	800	1022
File:Cain and Abel Offering their Sacrifices.png	Category:Art depicting the Old Testament by Gustave Doré	370	555
File:Cain kills Abel.png	Category:Art depicting the Old Testament by Gustave Doré	1996	2536
File:Carton - Histoire des femmes ecrivains de la France.djvu	search:Doré La Grande Bible de Tours	1664	3028
File:Catalogue alphabétique de la Bibliothèque de la législature de Québec (microforme) (IA cihm 53484).pdf	search:Doré La Grande Bible de Tours	1193	1427
File:Catalogue de la bibliothèque de François Ier à Blois, en 1518, publié d'après le manuscrit de la Bibliothèque impériale de Vienne par H. Michelant (IA cataloguedelabibliothmiche).pdf	search:Doré La Grande Bible de Tours	910	1364
File:Catalogue de la bibliothèque de H. Beaugrand (microforme) (IA cihm 01011).pdf	search:Doré La Grande Bible de Tours	868	1239
File:Catalogue de la bibliothèque de feu M. By (IA b28750238).pdf	search:Doré La Grande Bible de Tours	887	1437
File:Catalogue de la bibliothèque de l'Honorable Joseph Cauchon (microforme) (IA cihm 54193).pdf	search:Doré La Grande Bible de Tours	1177	1402
File:Catalogue de la bibliothèque du château de Mouchy (IA cataloguedelabib00tech).pdf	search:Doré La Grande Bible de Tours	868	1579
File:Catalogue de la collection formée par M. Didier Petit, de Lyon (IA cataloguedelacol00peti).pdf	search:Doré La Grande Bible de Tours	927	1552
File:Catalogue de la célèbre collection de tableaux de M. van Leyden, d'Amsterdam (IA cataloguedelacel01pail).pdf	search:Doré La Grande Bible de Tours	727	1147
File:Catalogue de la galerie de tableaux anciens et modernes de feu M. Herman de Kat (IA kathlagal00htel).pdf	search:Doré La Grande Bible de Tours	833	1300
File:Catalogue de livres, manuscrits, autographes, provenant de la bibliothèque de feu M.G. de Pixerécourt, dont la vente aura lieu le mardi 27 novembre 1849, et jours suivants (IA b31921097).pdf	search:Doré La Grande Bible de Tours	1147	2025
File:Catalogue de livres - relatifs a l'architecture, a la sculpture, a la peinture et a la gravure ; en vente aux prix marqués a la Librairie de Rapilly (IA cataloguedelivres00pari).pdf	search:Doré La Grande Bible de Tours	745	1225
File:Catalogue de livres de la bibliothèque de M. le vicomte d. V. (IA cataloguedelivre00comm).pdf	search:Doré La Grande Bible de Tours	904	1543
File:Catalogue de livres rares, manuscrits et imprimés - provenant de la bibliothèque de feu M. T. de M. - première partie (IA cataloguedelivre00boul).pdf	search:Doré La Grande Bible de Tours	929	1472
File:Catalogue des dessins aquarelles et estampes de Gustave Doré (IA cataloguedesdess00dore).pdf	search:Doré La Grande Bible de Tours	702	1185
File:Catalogue des livres ... de la bibliothèque (IA b29322339).pdf	search:Doré La Grande Bible de Tours	1041	1693
File:Catalogue des livres composant la bibliothèque de feu M.le baron James de Rothschild (IA gri 33125001113733).pdf	search:Doré La Grande Bible de Tours	1133	1581
File:Catalogue des livres de la bibliotheque de feu M. Comparot de Bercenay - dont la vente commencera le 23 avril 1783 (IA cataloguedeslivr00comp).pdf	search:Doré La Grande Bible de Tours	712	1210
File:Catalogue des livres de la bibliotheque de feu M. Comparot de Bercenay - dont la vente commencera le 23 avril 1783 (IA gri 000033125010862742).pdf	search:Doré La Grande Bible de Tours	479	750
File:Catalogue des livres de la bibliothèque de feu M. Delaleu (IA cataloguedeslivr00sail).pdf	search:Doré La Grande Bible de Tours	714	1183
File:Catalogue des livres de la bibliothèque de l'Institut-canadien (microforme) (IA cihm 09541).pdf	search:Gustave Doré The Holy Bible Plate	1162	1358
File:Catalogue descriptif et raisonné des manuscrits de la bibliothèque de Cambrai (IA CatalogueDescriptifEtRaisonneDesManuscritsDeCambrai).pdf	search:Doré La Grande Bible de Tours	775	1320
File:Catalogue d’une très-riche mais peu nombreuse collection de livres provenant de la bibliothèque de feu M. le Comte J.-N.-A. de Fortsas dont la vente se fera à Binche (IA bib fict 8921713).pdf	search:Doré La Grande Bible de Tours	1312	1968
File:Catalogue d’une très-riche mais peu nombreuse collection de livres provenant de la bibliothèque de feu Mr. le Comte J.-N.-A. de Fortsas, dont la vente se fera à Binche (IA bib fict 8921710).pdf	search:Doré La Grande Bible de Tours	1256	2089
File:Catalogue d’une très-riche mais peu nombreuse collection de livres provenant de la bibliothèque de feu Mr. le Comte J.-N.-A. de Fortsas, dont la vente se fera à Binche (IA bib fict 8921711).pdf	search:Doré La Grande Bible de Tours	1106	1841
File:Catalogue général de la librairie française, 1867, tome 28.djvu	search:Doré La Grande Bible de Tours	2859	4690
File:Catalogue no. 803 - the valuable library of the late Hon. M. Hall Stanton, of Philadelphia, embracing many important works in miscellaneous literature (IA catalogueno803va00henk).pdf	search:Gustave Doré The Holy Bible Plate	1341	2031
File:Catalogue of Mr. John A. Rice's library, to be sold by auction on Monday, March 21st, 1870, and five following days by Bangs, Merwin & co (IA catalogueofmrjoh00riceiala).pdf	search:Gustave Doré The Holy Bible Plate	856	1387
File:Catalogue of a collection of books from various private libraries comprising works on the fine arts, topography, natural history, sporting books (IA catalogueofcolle00chri 83).pdf	search:Gustave Doré The Holy Bible Plate	1162	1839
File:Catalogue of a miscellaneous collection of books including angling and sporting, fisheries, duelling ... together with a few book plates, postage stamps .. (IA catalogueofmisce00merwrich).pdf	search:Gustave Doré The Holy Bible Plate	795	1260
File:Catalogue of additions made to the Library of Congress from Dec. 1, 1864 to Dec. 1, 1865 (IA catalogueofaddi00libr).pdf	search:Gustave Doré The Holy Bible Plate	735	1231
File:Catalogue of an exceedingly interesting and valuable private library, (IA catalogueofexcee00bang).pdf	search:Gustave Doré The Holy Bible Plate	1108	1745
File:Catalogue of standard illustrated and miscellaneous books, autographs, coins, etc. ... (11-19-20-1878) (IA catalogueofstand00libb).pdf	search:Gustave Doré The Holy Bible Plate	1427	2360
File:Catalogue of the interesting and valuable library of the late Robert Ferguson, Esq., M. D., physician to the Queen, comprising the works of the best modern writers (IA cataloguelibraryrobertferguson).pdf	search:Gustave Doré The Holy Bible Plate	791	1210
File:Catalogue of the library of the late Albert M. Palmer ... to be sold at auction ... by the Merwin-Clayton Sales Company (IA cu31924029548959).pdf	search:Gustave Doré The Holy Bible Plate	879	1385
File:Catalogue of the library of the late Platt R.H. Sawyer, M.D. of Bedford, Westchester County, N.Y. , and numerous addenda, including modern miscellaneous standard literature (IA 57820520R.nlm.nih.gov).pdf	search:Gustave Doré The Holy Bible Plate	762	1245
File:Catalogue of the private library of Mr. Adolph Lewisohn (IA catalogueofpriva00lewi).pdf	search:Gustave Doré The Holy Bible Plate	793	1343
File:Catalogue of the very choice collection of books forming the private library of a gentleman of this city, which will be sold at auction ... the 18th, 19th and 20th January 1870 .. (IA cu31924029567892).pdf	search:Gustave Doré The Holy Bible Plate	818	1218
File:Catalogue raisonné de la collection de livres de M. Pierre Antoine Crevenna, négociant à Amsterdam (IA catalogueraisonn13crev).pdf	search:Doré La Grande Bible de Tours	1235	1581
File:Champs d'oliviers (campagne de Saragosse) - G. Doré ; J. Gauchard - btv1b10321215v.jpg	search:Dore Bible illustration	5208	4212
File:Chatelain - Beautés de la poésie anglaise, tome 1, 1860.djvu	search:Doré La Grande Bible de Tours	1538	2500
File:Chez la reine de Saba; chronique Éthiopienne (IA chezlareinedesab00lero).pdf	search:Doré La Grande Bible de Tours	650	1035
File:Choix de poésies contemporaines - précédées d'une histoire de la poésie moderne (IA choixdeposiesc00jani).pdf	search:Doré La Grande Bible de Tours	487	818
File:Christ Presented to the PeopleDore.jpg	Category:Art depicting the New Testament by Gustave Doré	400	500
File:Chronique des arts et de la curiosité (IA chroniquedesar1900pariuoft).pdf	search:Doré La Grande Bible de Tours	966	1331
File:Chronique des arts et de la curiosité (IA chroniquedesar1901pariuoft).pdf	search:Doré La Grande Bible de Tours	941	1362
File:Chronique des arts et de la curiosité (IA chroniquedesar1908pariuoft).pdf	search:Doré La Grande Bible de Tours	654	981
File:Colorized King Solomon in Old Age.png	Category:Art depicting the Old Testament by Gustave Doré	2330	2913
File:Combat between Soldiers of Ish-bosheth and David V-1.png	Category:Art depicting the Old Testament by Gustave Doré	2222	444
File:Confusion of Tongues.png	Category:Art depicting the Old Testament by Gustave Doré	515	597
File:Confusion of Tongues (89393754).jpg	Category:Art depicting the Old Testament by Gustave Doré	3088	3844
File:Couronnement d'épines - (estampe) (Fumé inédit, 1er état) - G. Doré ; Piaud - btv1b103211465.jpg	search:Dore Bible illustration	3840	4944
File:Cours de chymie contenant la maniere de faire les operations qui sont en usage dans la medecine, par une methode facile. Avec des raisonnemens sur chaque operation (IA b3049767x 0002).pdf	search:Doré La Grande Bible de Tours	1152	1791
File:Creation of Light.png	Category:Creation of Light by Gustave Doré	513	646
File:Creation of Light (89392244).jpg	Category:Creation of Light by Gustave Doré	3112	3912
File:Creation of Light Detail.png	Category:Creation of Light by Gustave Doré	256	256
File:Crucifixion-dore.jpg	Category:Art depicting the New Testament by Gustave Doré	474	602
File:Crucifixiondarkness.jpg	Category:Art depicting the New Testament by Gustave Doré	556	699
File:DESTRUCTION OF SENNACHERIB'S HOST..jpg	Category:Art depicting the Old Testament by Gustave Doré	477	602
File:Dante - L’Enfer, t. 1, trad. Calemard de La Fayette, 1835.djvu	search:Doré La Grande Bible de Tours	4267	7204
File:Das Lied der Debora.jpg	Category:Deborah Praises Jael	1359	1718
File:David-goliath28.jpg	Category:Art depicting the Old Testament by Gustave Doré	511	642
File:David Attacks the Ammonites. Vorleser.jpg	Category:Art depicting the Old Testament by Gustave Doré	2222	400
File:De Coster - La Légende d’Ulenspiegel, 1869.djvu	search:Doré La Grande Bible de Tours	2605	3446
File:De la sensation d'art (IA delasensationdar00pela).pdf	search:Doré La Grande Bible de Tours	543	981
File:Death of Abel.png	Category:Doré's English Bible	961	1210
File:Death of Abimelech (89397587).jpg	Category:Art depicting the Old Testament by Gustave Doré	3108	3864
File:Death of Absalom (89400023).jpg	Category:Art depicting the Old Testament by Gustave Doré	3088	3920
File:Death of Eleazer.jpg	search:Dore Bible illustration	4915	6068
File:Deborah's song of Triumph.jpg	Category:Deborah Praises Jael	1327	1962
File:Deborah.jpg	Category:Deborah Praises Jael	328	414
File:Deborah Praises Jael (89397429).jpg	Category:Deborah Praises Jael	3040	3872
File:Deluge.png	Category:Doré's English Bible	959	1210
File:Deluge gustave dore.jpg	Category:Art depicting the Old Testament by Gustave Doré	765	987
File:Deluge retouched.png	Category:Art depicting the Old Testament by Gustave Doré	4695	5885
File:DescendantsOfCain.jpg	Category:Art depicting the Old Testament by Gustave Doré	3728	3728
File:Description abrégée de l'horloge astronomique de la Cathédrale de Strasbourg (IA A11401007).pdf	search:Doré La Grande Bible de Tours	350	558
File:Description d'une partie de la vallée de Montmorenci, et de ses plus agréables jardins - orné de gravures (IA gri 33125010870877).pdf	search:Doré La Grande Bible de Tours	806	1252
File:Description géographique, historique et archéologique de la Palestine, accompagnée de cartes détaillées (IA descriptiongog01gu).pdf	search:Doré La Grande Bible de Tours	806	1329
File:Description historique de la ville de Paris et de ses environs (IA descriptionhisto04piga).pdf	search:Doré La Grande Bible de Tours	535	1008
File:Dessinateurs Illustration Portalis V1.djvu	search:Dore Bible illustration	1747	2620
File:Destruction of Leviathan.png	Category:Art depicting the Old Testament by Gustave Doré	2288	2890
File:Dictionnaire de l'ameublement et de la décoration depuis le XIIIe siècle jusqu'à nos jours (IA dictionnairedela02hava).pdf	search:Doré La Grande Bible de Tours	1250	1856
File:Dictionnaire de l'ameublement et de la décoration depuis le XIIIe siècle jusqu'à nos jours (IA dictionnairedela02hava 0).pdf	search:Doré La Grande Bible de Tours	1135	1860
File:Dictionnaire de la langue française du seizième siècle-Huguet-Tome6.djvu	search:Doré La Grande Bible de Tours	4267	6400
File:Dictionnaire encyclopédique de la theologie catholique ... (IA dictionnaireency13wetz).pdf	search:Doré La Grande Bible de Tours	1031	1589
File:Dispute of Jesus and the Pharisees (89477737).jpg	Category:Art depicting the New Testament by Gustave Doré	3312	4162
File:Dissertations de pharmacie et de chimie sur l'antimoine et la belladone (IA BIUSante pharma p5293x1868x10).pdf	search:Doré La Grande Bible de Tours	518	772
File:Dore - Flight into Egypt.jpg	Category:Art depicting the Old Testament by Gustave Doré	3456	3456
File:Dore 084.jpg	Category:Art depicting the Old Testament by Gustave Doré	330	316
File:Dore Bible Joseph Makes Himself Known to His Brethren.jpg	Category:Art depicting the Old Testament by Gustave Doré	2027	2741
File:Dore Bible Sermon on the Mount.jpg	Category:Art depicting the New Testament by Gustave Doré	2061	2781
File:Dore Bible The Gleaners.jpg	Category:Art depicting the Old Testament by Gustave Doré	2054	2707
File:Dore Death of Korah, Dathan and Abiram.jpg	Category:Art depicting the Old Testament by Gustave Doré	1344	2073
File:Dore, Gustave; La Sainte Trinite.jpg	Category:Art depicting the New Testament by Gustave Doré	1200	1533
File:Dore-SamsonSlayingTheLion.jpg	Category:Art depicting the Old Testament by Gustave Doré	749	957
File:DoreArrivalatCalvary.jpg	Category:Art depicting the New Testament by Gustave Doré	686	548
File:DoreDeathofAnanias.jpg	Category:Art depicting the New Testament by Gustave Doré	561	698
File:DoreHagar.jpg	Category:Art depicting the Old Testament by Gustave Doré	660	731
File:DoreJesusHealingtheLunatic.jpg	Category:Art depicting the New Testament by Gustave Doré	559	700
File:DoreJesusPrayingintheGarden.jpg	Category:Art depicting the New Testament by Gustave Doré	546	687
File:DoreJesusSeaGalilee.jpg	Category:Art depicting the New Testament by Gustave Doré	477	602
File:DoreJohntheBaptistPreachingintheWilderness.jpg	Category:Art depicting the New Testament by Gustave Doré	564	698
File:DoreStPaulPreachingtotheThessalonians.jpg	Category:Art depicting the New Testament by Gustave Doré	565	696
File:DoreTheDeadchrist.jpg	Category:Art depicting the New Testament by Gustave Doré	736	900
File:Dore DeathOfAbimelech 01.jpg	Category:Art depicting the Old Testament by Gustave Doré	526	720
File:Dore DeathOfAbimelech 02.jpg	Category:Art depicting the Old Testament by Gustave Doré	509	625
File:Dore Moses Striking the Rock in Horeb.jpg	Category:Art depicting the Old Testament by Gustave Doré	519	646
File:Dore Moses Striking the Rock in Horeb (93215417).jpg	Category:Art depicting the Old Testament by Gustave Doré	3366	4131
File:Dore Return of the Spies From the Land of Promise.jpg	Category:Art depicting the Old Testament by Gustave Doré	520	655
File:Dore SaulAndTheWitchOfEndor.jpg	Category:Art depicting the Old Testament by Gustave Doré	792	984
File:Dore Solomon Proverbs.png	Category:Art depicting the Old Testament by Gustave Doré	300	400
File:Dore adultress.jpg	Category:Art depicting the New Testament by Gustave Doré	561	696
File:Dore jonah.jpg	Category:Art depicting the Old Testament by Gustave Doré	1712	2152
File:Dore jonah whale.jpg	Category:Art depicting the Old Testament by Gustave Doré	412	454
File:Dore joshua crossing.jpg	Category:Art depicting the Old Testament by Gustave Doré	535	411
File:Dore joshua sun.jpg	Category:Art depicting the Old Testament by Gustave Doré	539	463
File:Dore light.jpg	Category:Doré's English Bible	639	800
File:Doré, Le Christ condamné.jpg	Category:Art depicting the New Testament by Gustave Doré	603	1000
File:DoréMaryMagdaleneRepentant.jpg	Category:Art depicting the New Testament by Gustave Doré	400	500
File:Dove Sent Forth from the Ark.png	Category:Art depicting the Old Testament by Gustave Doré	963	1210
File:Dove Sent Forth from the Ark (89393604).jpg	Category:Art depicting the Old Testament by Gustave Doré	3170	3942
File:Dumas - La Femme au collier de velours, 1861.djvu	search:Doré La Grande Bible de Tours	1140	1911
File:Décrets des sens sanctionnés par la volupté, 1793.djvu	search:Doré La Grande Bible de Tours	3348	5267
File:Dürer (1910).djvu	search:Gustave Doré The Holy Bible Plate	2662	3872
File:Eliezer and Rebekah.png	Category:Art depicting the Old Testament by Gustave Doré	338	434
File:Eliezer and Rebekah (89394327).jpg	Category:Art depicting the Old Testament by Gustave Doré	3080	3904
File:Elijah taken up into heaven (89401747).jpg	Category:Art depicting the Old Testament by Gustave Doré	3080	3840
File:Essai statistique sur les bibliothèques de Vienne, précédé de la statistique de la Bibliothèque impériale comparée aux plus grands établissemens de ce genre anciens et modernes (IA essaistatistique00balb).pdf	search:Doré La Grande Bible de Tours	791	1293
File:Essai sur l'histoire de la cosmographie et de la cartographie pendant le Moyen-Age, et sur les progrès de la géographie après les grandes découvertes du XVe siècle (IA essaisurlhistoir00sant 0).pdf	search:Doré La Grande Bible de Tours	820	1179
File:Essai sur l'histoire de la cosmographie et de la cartographie pendant le Moyen-Age, et sur les progrès de la géographie après les grandes découvertes du XVe siècle (IA essaisurlhistoir00sant 1).pdf	search:Doré La Grande Bible de Tours	837	1175
File:Essays in Anarchism and Religion Volume 03.pdf	Category:Art depicting the Old Testament by Gustave Doré	827	1279
File:Expulsion of Ishmael and His Mother.png	Category:Art depicting the Old Testament by Gustave Doré	575	700
File:Expulsion of Ishmael and His Mother (89393994).jpg	Category:Art depicting the Old Testament by Gustave Doré	3120	3904
File:Ezdráš v modlitbě.jpg	search:Dore Bible illustration	438	600
File:Ezekiel Prophesying — Doré Bible illustration (Cassell, c.1870).jpg	Category:Art depicting the Old Testament by Gustave Doré	844	1148
File:Ezekiel’s Vision of the Valley of Dry Bones.jpg	Category:Art depicting the Old Testament by Gustave Doré	452	600
File:Family drowning in flood - Dore.jpg	Category:Art depicting the Old Testament by Gustave Doré	1911	2535
File:Finding list of unclassified art and miscellaneous books - California state library (IA cu31924029539990).pdf	search:Gustave Doré The Holy Bible Plate	868	1347
File:Finding list of unclassified art and miscellaneous books - California state library (IA findinglistofunc00calirich).pdf	search:Gustave Doré The Holy Bible Plate	929	1439
File:First proofs of the Universal catalogue of books on art, compiled for the use of the National Art Library and the schools of art in the United Kingdom (IA firstproofsofuni02nati).pdf	search:Gustave Doré The Holy Bible Plate	933	1245
File:Flight of Lot.png	Category:Art depicting the Old Testament by Gustave Doré	958	1210
File:Flood destroying the world.jpg	Category:Art depicting the Old Testament by Gustave Doré	4755	5888
File:Formation of Eve.png	Category:Art depicting the Old Testament by Gustave Doré	971	1210
File:Gaston de Chaumont - La Fauvette de maître Gélonneur.djvu	search:Doré La Grande Bible de Tours	2400	4000
File:Gazette archéologique recueil de monuments pour servir à la connaissance & à l'histoire de l'art dans l'antiquité et le moyen-âge, 1877 (IA gazettearcheolog03unse).pdf	search:Doré La Grande Bible de Tours	1308	1818
File:Grandes ombres sur le sentier de la vie (IA grandesombressur00ward).pdf	search:Doré La Grande Bible de Tours	720	1145
File:Grousset - Histoire de la philosophie orientale, 1923.djvu	search:Doré La Grande Bible de Tours	1901	2984
File:Gusta Dore - The Ascension.jpg	Category:Art depicting the New Testament by Gustave Doré	478	602
File:Gustave Dore - Jesus converses with the learned ones in the Temple.jpg	Category:Art depicting the New Testament by Gustave Doré	482	602
File:Gustave Dore - Jesus is nailed to the cross.jpg	Category:Art depicting the New Testament by Gustave Doré	478	602
File:Gustave Dore - Jesus raises the daughter of Jairus from the dead.jpg	Category:Art depicting the New Testament by Gustave Doré	482	602
File:Gustave Dore - Jesus rides into Jerusalem on a donkey on Palm Sunday.jpg	Category:Art depicting the New Testament by Gustave Doré	485	602
File:Gustave Dore - Jesus talks of the tribute money.jpg	Category:Art depicting the New Testament by Gustave Doré	479	602
File:Gustave Dore - John the Baptist baptizes Jesus.jpg	Category:Art depicting the New Testament by Gustave Doré	475	602
File:Gustave Dore - Judas betrays Jesus with a kiss.jpg	Category:Art depicting the New Testament by Gustave Doré	478	602
File:Gustave Dore - The Annunciation.jpg	Category:Art depicting the New Testament by Gustave Doré	480	602
File:Gustave Dore - The Transfiguration.jpg	Category:Art depicting the New Testament by Gustave Doré	497	622
File:Gustave Dore - The prodigal son decides to return to his father.jpg	Category:Art depicting the New Testament by Gustave Doré	602	479
File:Gustave Dore Bible The Tower of Babel.jpg	Category:Art depicting the Old Testament by Gustave Doré	2320	3226
File:Gustave Dore Bible Tour de Babel.jpg	Category:Art depicting the Old Testament by Gustave Doré	517	650
File:Gustave Dore Jephtha.jpg	Category:Art depicting the Old Testament by Gustave Doré	330	407
File:Gustave Dore Lazarus and the Rich Man.jpg	Category:Art depicting the New Testament by Gustave Doré	746	973
File:Gustave Doré (1832-1883) - The Bible (1865) - Zechariah 6-5.jpg	Category:Art depicting the Old Testament by Gustave Doré	750	930
File:Gustave Doré - 2 Kings 2 - 11.jpg	Category:Art depicting the Old Testament by Gustave Doré	750	1043
File:Gustave Doré - Ark of the Covenant.jpg	Category:Art depicting the Old Testament by Gustave Doré	486	494
File:Gustave Doré - Bull's head.jpg	Category:Art depicting the Old Testament by Gustave Doré	504	198
File:Gustave Doré - Christ's Entry into Jerusalem.jpg	Category:Art depicting the New Testament by Gustave Doré	2207	1638
File:Gustave Doré - Christ on the Cross - Google Art Project.jpg	Category:Art depicting the New Testament by Gustave Doré	1312	2401
File:Gustave Doré - Crucifixion of Jesus.jpg	Category:Art depicting the New Testament by Gustave Doré	2756	3506
File:Gustave Doré - Destruction of the Army of the Amorites.jpg	Category:Art depicting the Old Testament by Gustave Doré	1569	1939
File:Gustave Doré - Eagle.jpg	Category:Art depicting the Old Testament by Gustave Doré	424	256
File:Gustave Doré - El sueño de la esposa de Pilato.jpg	Category:Art depicting the New Testament by Gustave Doré	1515	1000
File:Gustave Doré - Houri on Camels.jpg	Category:Art depicting the Old Testament by Gustave Doré	537	749
File:Gustave Doré - L'Ascension.jpg	Category:Art depicting the New Testament by Gustave Doré	1702	2813
File:Gustave Doré - L'Ascension - PDUT1438 - Musée des Beaux-Arts de la ville de Paris - 2.jpg	Category:Art depicting the New Testament by Gustave Doré	3729	5616
File:Gustave Doré - L'Ascension - PDUT1438 - musée des Beaux-Arts de la ville de Paris.jpg	Category:Art depicting the New Testament by Gustave Doré	4445	7102
File:Gustave Doré - L'Ascension - PDUT1438 - musée des Beaux-Arts de la ville de Paris - 3.jpg	Category:Art depicting the New Testament by Gustave Doré	5568	3709
File:Gustave Doré - L'Ascension - PDUT1438 - musée des Beaux-Arts de la ville de Paris - 4.jpg	Category:Art depicting the New Testament by Gustave Doré	3744	5445
File:Gustave Doré - L'Ascension - PDUT1438 - musée des Beaux-Arts de la ville de Paris - 5.jpg	Category:Art depicting the New Testament by Gustave Doré	3744	5616
File:Gustave Doré - L'Ascension - PDUT1438 - musée des Beaux-Arts de la ville de Paris - 6.jpg	Category:Art depicting the New Testament by Gustave Doré	3744	5616
File:Gustave Doré - L'Ascension - PDUT1438 - musée des Beaux-Arts de la ville de Paris - 7.jpg	Category:Art depicting the New Testament by Gustave Doré	5616	3744
File:Gustave Doré - L'Ascension - PDUT1438 - musée des Beaux-Arts de la ville de Paris - 8.jpg	Category:Art depicting the New Testament by Gustave Doré	4600	7106
File:Gustave Doré - L'Ascension - PDUT1438 - musée des Beaux-Arts de la ville de Paris - 9.jpg	Category:Art depicting the New Testament by Gustave Doré	3543	5396
File:Gustave Doré - Menorah Candlestick.jpg	Category:Art depicting the Old Testament by Gustave Doré	296	410
File:Gustave Doré - St. John's vision of death.jpg	Category:Art depicting the New Testament by Gustave Doré	770	1012
File:Gustave Doré - Study for "Jacob's Dream" - Walters 371319.jpg	Category:Art depicting the Old Testament by Gustave Doré	1396	1800
File:Gustave Doré - Study for "The Judas Kiss" - Walters 371387.jpg	Category:Art depicting the New Testament by Gustave Doré	785	1024
File:Gustave Doré - The Holy Bible - Judith XIV - Judith showing the head of Holofernes - original.jpg	Category:Art depicting the Old Testament by Gustave Doré	6398	8272
File:Gustave Doré - The Holy Bible - Judith XIV - Judith showing the head of Holofernes - original.png	Category:Art depicting the Old Testament by Gustave Doré	6398	8272
File:Gustave Doré - The Holy Bible - Plate CXLI, The Judas Kiss.jpg	Category:Art depicting the New Testament by Gustave Doré	4856	6184
File:Gustave Doré - The Holy Bible - Plate CXLI, The Judas Kiss.png	Category:Art depicting the New Testament by Gustave Doré	4856	6184
File:Gustave Doré - The Holy Bible - Plate CXLI, The Judas Kiss (unadjusted).png	search:Gustave Doré The Holy Bible Plate	5104	7016
File:Gustave Doré - The Holy Bible - Plate I, The Deluge (cropped).jpg	Category:Art depicting the Old Testament by Gustave Doré	4584	5796
File:Gustave Doré, Christian Martyrs, 1869-1871, NGA 73471.jpg	Category:Art depicting the New Testament by Gustave Doré	3339	4000
File:Gustave Doré, Death of Agag, La Sainte Bible, 1866.png	Category:Art depicting the Old Testament by Gustave Doré	491	616
File:Gustave Doré, Le Christ cloué sur le croix.jpg	Category:Art depicting the New Testament by Gustave Doré	1000	780
File:Gustave Doré, St Peter Denying Christ.jpg	Category:Art depicting the New Testament by Gustave Doré	750	1033
File:Gustave Doré - The Holy Bible - Plate I, The Deluge.jpg	Category:Art depicting the Old Testament by Gustave Doré	4770	6219
File:Gustave Doré - The Holy Bible - Plate I, The Deluge (unadjusted).png	Category:Art depicting the Old Testament by Gustave Doré	4770	6219
File:Gustave Doré - The House of Caiaphas - Google Art Project.jpg	Category:Art depicting the New Testament by Gustave Doré	2401	1476
File:Gustave Doré - Winged Bull.jpg	Category:Art depicting the Old Testament by Gustave Doré	150	158
File:Gustave Doré - dragon page column separator.jpg	Category:Art depicting the Old Testament by Gustave Doré	654	1362
File:Gustave Doré - elephant page column separator.jpg	Category:Art depicting the Old Testament by Gustave Doré	306	679
File:Gustave Doré - snake page column separator.jpg	Category:Art depicting the Old Testament by Gustave Doré	648	1384
File:Gustave Doré Morte Agag.jpg	Category:Art depicting the Old Testament by Gustave Doré	965	1210
File:Gustave Doré by Nadar - Getty Museum.jpg	search:Dore Bible illustration	3340	4201
File:Gustave dore bibel death of absalom.jpg	Category:Art depicting the Old Testament by Gustave Doré	960	1210
File:Gustave dure holy bible deluge edited.jpg	Category:Art depicting the Old Testament by Gustave Doré	4578	5787
File:Gustavo-Dore-Bibbia-Giaele-e-Sisara.jpg	Category:Art depicting the Old Testament by Gustave Doré	354	547
File:Gustavo-Dore-Bibbia-un-angelo-appare-a-Giosue.jpg	Category:Art depicting the Old Testament by Gustave Doré	368	542
File:Harper's New Monthly Magazine, Volume 54.pdf	search:Gustave Doré The Holy Bible Plate	862	1439
File:HealingGustaveDore.jpg	Category:Art depicting the New Testament by Gustave Doré	525	670
File:Histoire De La Reforme, De La Ligue, Et Clu Regne De Henri Iv. in 8 Vols.(Vol.IIIandIv) (IA dli.granth.37268).pdf	search:Doré La Grande Bible de Tours	620	1000
File:Histoire de l'Eglise de Genève depuis le commencement de la réformation jusqu'à nos jours (IA histoiredeleglis02gabe).pdf	search:Doré La Grande Bible de Tours	447	727
File:Histoire de l'Eglise de Genève depuis le commencement de la réformation jusqu'à nos jours (IA histoiredeleglis02gabe 0).pdf	search:Doré La Grande Bible de Tours	656	1258
File:Histoire de la ville Et de l’Estat de Geneve. Depuis les premiers Siecles de la fondation de la Ville jusqu’à present- Tirée fidellement des Manuscrits (IA bib fict 5654477 2).pdf	search:Doré La Grande Bible de Tours	725	1364
File:Histoire de la ville de Montpellier, depuis son origine jusqu'a notre tems (IA b30448700 0002).pdf	search:Doré La Grande Bible de Tours	1250	2091
File:Hoffmann - Contes fantastiques, trad de La Bédollière, 1856.djvu	search:Doré La Grande Bible de Tours	3297	5007
File:Holman The Egyptians Urging Moses To Depart.jpg	search:Dore Bible illustration	1974	2535
File:Houssaye - La Vertu de Rosine, 1864.djvu	search:Doré La Grande Bible de Tours	4267	7217
File:Ideals of life in France, or, How the great painters portray woman in French art two hundred and twenty-five copper-plates made in Paris especially for this work by Goupil & Co. (IA gri 33125000587010).pdf	search:Gustave Doré The Holy Bible Plate	1172	1500
File:Illuminated illustrations of the Bible - copied from select mss. of the Middle Ages (IA IlluminatedIllustrationsOfTheBible).pdf	search:Dore Bible illustration	1027	1400
File:Inventaire général des richesses d'art de la France (IA inventairegenera57fran).pdf	search:Doré La Grande Bible de Tours	1283	1860
File:Isaac Blessing Jacob (89394529).jpg	Category:Art depicting the Old Testament by Gustave Doré	3080	3904
File:Isaac blessing Jacob.png	Category:Art depicting the Old Testament by Gustave Doré	337	431
File:Jacob-angel.jpg	Category:Art depicting the Old Testament by Gustave Doré	318	400
File:Jacob Wrestling with the Angel.jpg	Category:Art depicting the Old Testament by Gustave Doré	795	1000
File:Jacob Wrestling with the Angel (cropped).jpg	Category:Art depicting the Old Testament by Gustave Doré	500	552
File:Jacob chez Laban - (estampe) (Fumé inédit) - G. Doré ; A. Gusmand - btv1b103211393.jpg	search:Dore Bible illustration	3804	4860
File:Janin - Histoire de la littérature dramatique, t. 3, Lévy.djvu	search:Doré La Grande Bible de Tours	1852	3256
File:Jehudas victory.jpg	Category:Doré's English Bible	536	424
File:Jephtha's doughter (89397640).jpg	Category:Art depicting the Old Testament by Gustave Doré	3128	3816
File:JesusCalmingtheTempestDore.jpg	Category:Art depicting the New Testament by Gustave Doré	481	602
File:JesusCuresamute.gif	Category:Art depicting the New Testament by Gustave Doré	329	407
File:Jesus Praying in the Garden (1878) (14577654100).jpg	Category:Art depicting the New Testament by Gustave Doré	2284	3076
File:Jesus and the disciples at the Last Supper.jpg	Category:Art depicting the New Testament by Gustave Doré	475	602
File:Jesus asks the Samaritan woman for a draft from the well.jpg	Category:Art depicting the New Testament by Gustave Doré	482	602
File:Jesus healing the sick (89476181).jpg	Category:Art depicting the New Testament by Gustave Doré	3306	4136
File:Jesus is scourged.jpg	Category:Art depicting the New Testament by Gustave Doré	476	602
File:Jesus of Nazareth- His life and teachings; founded on the four Gospels, and illustrated by reference to the manners, customs, religious beliefs, and political institutions of His times (1869) (14780514881).jpg	Category:Art depicting the New Testament by Gustave Doré	1782	3076
File:Jesus suffers agony in the garden of Gethseman.jpg	Category:Art depicting the New Testament by Gustave Doré	474	602
File:Jesus talks with Mary and Martha in their house.jpg	Category:Art depicting the New Testament by Gustave Doré	482	602
File:Jesus walks on the sea.jpg	Category:Art depicting the New Testament by Gustave Doré	602	478
File:JesusFeedingMultitude.jpg	Category:Art depicting the New Testament by Gustave Doré	558	696
File:JesusPharisees.jpg	Category:Art depicting the New Testament by Gustave Doré	384	491
File:John Bull and his island (IA johnbullhisisla00orel).pdf	search:Gustave Doré The Holy Bible Plate	631	1045
File:John Bull and his island (IA johnbullhisislan00ore).pdf	search:Gustave Doré The Holy Bible Plate	654	981
File:John Bull and his island (IA johnbullhisislan00orel).pdf	search:Gustave Doré The Holy Bible Plate	656	1050
File:John Bull and his island (IA johnbullhisislan00oreliala).pdf	search:Gustave Doré The Holy Bible Plate	654	1033
File:Jonah and the whale (89471723).jpg	Category:Art depicting the Old Testament by Gustave Doré	3360	4128
File:Joshua Commanding the Sun to Stand Still (89397274).jpg	Category:Art depicting the Old Testament by Gustave Doré	3888	3142
File:Joshua Crossing Jordan (89396850).jpg	Category:Art depicting the Old Testament by Gustave Doré	3867	3113
File:Journal de La Haye 01-05-1846 (IA ddd 010257967 mpeg21).pdf	search:Doré La Grande Bible de Tours	1995	2885
File:Journal de La Haye 04-03-1844 (IA ddd 010257295 mpeg21).pdf	search:Doré La Grande Bible de Tours	1989	2847
File:Journal de La Haye 08-02-1845 (IA ddd 010257586 mpeg21).pdf	search:Doré La Grande Bible de Tours	2004	2854
File:Journal de La Haye 10-02-1845 (IA ddd 010257588 mpeg21).pdf	search:Doré La Grande Bible de Tours	2004	2854
File:Journal de La Haye 18-07-1844 (IA ddd 010257410 mpeg21).pdf	search:Doré La Grande Bible de Tours	1997	2856
File:Journal de La Haye 21-07-1845 (IA ddd 010257725 mpeg21).pdf	search:Doré La Grande Bible de Tours	1987	2862
File:Journal de La Haye 22-03-1846 (IA ddd 010257933 mpeg21).pdf	search:Doré La Grande Bible de Tours	1993	2897
File:Journal de La Haye 26-10-1842 (IA ddd 010256872 mpeg21).pdf	search:Doré La Grande Bible de Tours	1991	2854
File:Judgement of Solomon.jpg	Category:Art depicting the Old Testament by Gustave Doré	791	991
File:Judgement of Solomon (89400418).jpg	Category:Art depicting the Old Testament by Gustave Doré	3149	3880
File:Judith and holofernes.jpg	Category:Art depicting the Old Testament by Gustave Doré	4893	6074
File:Jésus guérit les malades, par Gustave Doré.jpg	Category:Art depicting the New Testament by Gustave Doré	398	500
File:King Solomon in Old Age higher-contrast version.png	Category:Art depicting the Old Testament by Gustave Doré	2330	2913
File:King Solomon in Old Age higher-contrast version (square cropped closeup on face).png	Category:Art depicting the Old Testament by Gustave Doré	327	328
File:King Solomon in Old Age higher-contrast version (square cropped on body).png	Category:Art depicting the Old Testament by Gustave Doré	1905	1906
File:La Belgique horticole - Annales de botanique et d'horticulture (IA labelgiquehortic15lige).pdf	search:Doré La Grande Bible de Tours	875	1445
File:La Clef de La Magie Noire.djvu	search:Doré La Grande Bible de Tours	1856	2628
File:La Morvonnais - Un vieux paysan, 1840.djvu	search:Doré La Grande Bible de Tours	2133	3200
File:La Mothe Le Vayer - Œuvres, Tome 4, Partie 2, 1756.pdf	search:Doré La Grande Bible de Tours	2133	3200
File:La Renaissance - chronique des arts et de la littérature (IA larenaissancechr15unse).pdf	search:Doré La Grande Bible de Tours	1672	2268
File:La Renaissance illustrée, chronique des beaux-arts et de la littérature (IA larenaissancechronique14).pdf	search:Doré La Grande Bible de Tours	1775	2018
File:La Revue blanche, t15, 1898.djvu	search:Doré La Grande Bible de Tours	4267	6400
File:La Revue blanche, t5, 1893.djvu	search:Doré La Grande Bible de Tours	4267	6400
File:La Sainte Bible (vol. 2) MET DP317113.jpg	Category:Art depicting the Old Testament by Gustave Doré	2821	3881
File:La Sainte Bible (vol. 2) MET DP317882.jpg	Category:Art depicting the New Testament by Gustave Doré	2676	3882
File:La Sainte Bible (vol. 2) MET DP318412.jpg	Category:Art depicting the Old Testament by Gustave Doré	1643	2069
File:La Sainte Bible Selon la Vulgate traduction nouvelle Avec les Dessins de Gustave Dore, Vol. I (IA dli.granth.100452).pdf	search:Doré La Grande Bible de Tours	750	979
File:La Vie de Mahomet, où l'on découvre amplement la verité de l'imposture. Par M.Prideaux, D. en T. Enrichie de figures en Tailledouces (IA bub gb Iy5t54BxFwwC).pdf	search:Doré La Grande Bible de Tours	625	906
File:La Vieuville - Essai de psychologie japonaise, 1908.djvu	search:Doré La Grande Bible de Tours	1275	1650
File:La Vision de Daniel.jpg	Category:Art depicting the Old Testament by Gustave Doré	500	410
File:La bibliotheque historiale, de Nicolas Vignier de Bar sur Seine, medecin et historiographe du roy. Contenant la disposition et concordance des temps (IA LaBibliothequeHistorialeDeNicolas1588T1).pdf	search:Doré La Grande Bible de Tours	1300	1987
File:La cité de Dieu de la Bibliothèque de Macon. Pourchasse et recouvrance des très belles miniatures du XV. siècle dérobées à ce manuscrit (IA lacitededieudela00lexl).pdf	search:Doré La Grande Bible de Tours	1327	2058
File:La pêche miraculeuse de Gustave Doré.jpg	Category:Art depicting the New Testament by Gustave Doré	511	639
File:La vie de Mahomet, où l'on découvre amplement la verité de l'imposture (IA laviedemahometou00prid).pdf	search:Doré La Grande Bible de Tours	550	891
File:La vie et l'œuvre de Pierre Vaneau, sculpteur franc̜ais du XVIIe siècle - et le monument de Jean Sobieski (IA lavieetluvredepi00vach).pdf	search:Doré La Grande Bible de Tours	1293	1675
File:La vie moderne a l'Exposition internationale de Bruxelles, 1897 (IA laviemodernelexp00brau).pdf	search:Doré La Grande Bible de Tours	1091	1610
File:La voix de Notre-Dame de Chartres (IA gri 33125011862162).pdf	search:Doré La Grande Bible de Tours	933	1347
File:La vraye confrerie selon la parole de Dieu & des Saincts Peres ... (IA lavrayeconfrerie00ld).pdf	search:Doré La Grande Bible de Tours	1081	1789
File:La vérité de l'histoire de Judith, par Dom Bernard de Montfaucon,... (IA bub gb ChqLelDF4skC 2).pdf	search:Doré La Grande Bible de Tours	625	1081
File:Lazarus and the Rich Man (89482442).jpg	Category:Art depicting the New Testament by Gustave Doré	3339	4147
File:Le Chartier - Tahiti et les colonies françaises de la Polynésie.djvu	search:Doré La Grande Bible de Tours	1422	2133
File:Le Goffic - La Rose des sables.djvu	search:Doré La Grande Bible de Tours	3644	5469
File:Le Prophète Daniel.jpg	Category:Art depicting the Old Testament by Gustave Doré	388	500
File:Le Prophète Ezechiel.jpg	Category:Art depicting the Old Testament by Gustave Doré	391	500
File:Le Tour du monde - 10.djvu	search:Doré La Grande Bible de Tours	2481	3508
File:Le Tour du monde - 23.djvu	search:Doré La Grande Bible de Tours	2481	3508
File:Le nouvear testament, ... 1686 (IA bim early-english-books-1641-1700 le-nouvear-testament- bible-french 1686).pdf	search:Doré La Grande Bible de Tours	700	1260
File:Le prophète Jérémie à la dictée, par Gustave Doré.jpg	Category:Art depicting the Old Testament by Gustave Doré	395	499
File:Le retour de l'enfant prodigue, par Gustave Doré.jpg	Category:Art depicting the New Testament by Gustave Doré	398	499
File:Les mystères de la science (IA b21498180 0001).pdf	search:Doré La Grande Bible de Tours	797	1556
File:Limoges Église Saint-Pierre-du-Queyroix Vitrail 646.jpg	Category:Art depicting the New Testament by Gustave Doré	3001	4502
File:Limoges Église Saint-Pierre-du-Queyroix Vitrail 647.jpg	Category:Art depicting the New Testament by Gustave Doré	4896	3264
File:Limoges Église Saint-Pierre-du-Queyroix Vitrail 648.jpg	Category:Art depicting the New Testament by Gustave Doré	4506	3003
File:Limoges Église Saint-Pierre-du-Queyroix Vitrail 649.jpg	Category:Art depicting the New Testament by Gustave Doré	4233	2822
File:Limoges Église Saint-Pierre-du-Queyroix Vitrail 650.jpg	Category:Art depicting the New Testament by Gustave Doré	4730	3153
File:Lourié - La Philosophie de Tolstoï.djvu	search:Doré La Grande Bible de Tours	2562	4102
File:Lucifer3.jpg	Category:Art depicting the Old Testament by Gustave Doré	1030	1280
File:Maccabean Revolt.jpg	Category:Doré's English Bible	400	261
File:Maccabean Revolt (89474805).jpg	Category:Doré's English Bible	4077	3267
File:Marriage at Cana engraving by Gustave Doré.jpg	Category:Art depicting the New Testament by Gustave Doré	771	1000
File:Michal Gustave Doré.jpg	Category:Art depicting the Old Testament by Gustave Doré	433	520
File:Michal lets David escape (89398919).jpg	Category:Art depicting the Old Testament by Gustave Doré	3173	3942
File:Morte Agag (89398513).jpg	Category:Art depicting the Old Testament by Gustave Doré	3121	3896
File:Moses dore.jpg	Category:Art depicting the Old Testament by Gustave Doré	531	660
File:Moses radiant.jpg	Category:Art depicting the Old Testament by Gustave Doré	576	740
File:Musée centennal de la classe 94 (IA musecentennaldel00boui).pdf	search:Doré La Grande Bible de Tours	1152	1645
File:Mémoires de la Société de l’histoire de Paris et de l’Île-de-France, Volume XXV, 1898.djvu	search:Doré La Grande Bible de Tours	3334	5217
File:Nadar, Gustave Doré - Getty Museum.jpg	search:Dore Bible illustration	3340	4201
File:Noah-Curses-Ham.jpg	Category:Art depicting the Old Testament by Gustave Doré	406	510
File:Noah Cursing Canaan.png	Category:Art depicting the Old Testament by Gustave Doré	523	646
File:Noah curses Ham (89393683).jpg	Category:Art depicting the Old Testament by Gustave Doré	3156	3915
File:Notice sur la bibliothèque de Charles de Croy, duc d'Aerschot, (1614) (IA noticesurlabibliothqueeven).pdf	search:Doré La Grande Bible de Tours	881	1347
File:Oeuvres Completes de H. de Balzac; La Comdie Humaine, Vol. VII; Scenes de la Vie de Province, Vol. III (IA dli.granth.52580).pdf	search:Doré La Grande Bible de Tours	750	1239
File:Outrage at Gibeah (89398140).jpg	Category:Art depicting the Old Testament by Gustave Doré	3094	3898
File:Paris, Paulin - Nouvelles recherches sur la vie de Froissart.djvu	search:Doré La Grande Bible de Tours	2040	2121
File:Paul Addresses the Crowd After His Arrest (89485728).jpg	Category:Art depicting the New Testament by Gustave Doré	3332	4126
File:Paul Addresses the Crowd After His Arrest by Gustave Doré.jpg	Category:Art depicting the New Testament by Gustave Doré	519	647
File:People suffering from the plague in Jerusalem. Wood engravin Wellcome V0010576.jpg	Category:Art depicting the Old Testament by Gustave Doré	2476	3083
File:Peter'sEscapefromPrison.jpg	Category:Art depicting the New Testament by Gustave Doré	559	702
File:Peter denies that he is one of Jesus’ disciples.jpg	Category:Art depicting the New Testament by Gustave Doré	478	602
File:Physique sacrée, ou histoire-naturelle de la Bible (IA b30454451 0008).pdf	search:Doré La Grande Bible de Tours	1514	2612
File:Pierre Le Loyer - La Néphélococugie, édition de 1869.djvu	search:Doré La Grande Bible de Tours	1007	1439
File:Prophet Amos (89471482).jpg	Category:Art depicting the Old Testament by Gustave Doré	3315	4191
File:Prophet amos.jpg	Category:Art depicting the Old Testament by Gustave Doré	763	935
File:Rahab dore.jpg	Category:Art depicting the Old Testament by Gustave Doré	521	648
File:Raquel com cântaro.JPG	Category:Art depicting the Old Testament by Gustave Doré	231	280
File:René de Pont-Jest - La Bâtarde.djvu	search:Doré La Grande Bible de Tours	1422	2171
File:Response à la seconde lettre imprimee avec le Prince de Balsac - et remplie de calomnies contre la Royne Mere du Roy Tres-Chrestien. (IA responselasecond00morg).pdf	search:Doré La Grande Bible de Tours	1583	2183
File:Ridpath's history of the world; being an account of the ethnic origin, primitive estate, early migrations, social conditions and present promise of the principal families of men (1897) (14596712790).jpg	Category:Art depicting the Old Testament by Gustave Doré	2298	2638
File:Rocca de Vergalo - La Poëtique nouvelle, 1880.djvu	search:Doré La Grande Bible de Tours	2550	3300
File:Rules are made to be broken II.jpg	Category:Art depicting the Old Testament by Gustave Doré	366	473
File:Ruskin - La Bible d’Amiens.djvu	search:Doré La Grande Bible de Tours	1195	1995
File:Réglemens de la communauté de MM. les prêtres, desservans la paroisse de Saint-Sulpice de Paris, 1782.pdf	search:Doré La Grande Bible de Tours	2133	3529
File:Sales catalogue- Salkeld (IA b31814505).pdf	search:Gustave Doré The Holy Bible Plate	1122	1764
File:Sales catalogue- Sotheby's (IA b31648319).pdf	search:Gustave Doré The Holy Bible Plate	747	1206
File:Sales catalogues- Puttick and Simpson (IA b31641350).pdf	search:Gustave Doré The Holy Bible Plate	783	1250
File:Samson-in-DagonTemple.jpg	Category:Art depicting the Old Testament by Gustave Doré	575	722
File:Samson tue un lion.jpg	Category:Art depicting the Old Testament by Gustave Doré	408	500
File:Scènes de la vie californienne et esquisses de moeurs transatlantiques (IA scnesdelavieca00hartrich).pdf	search:Doré La Grande Bible de Tours	652	1043
File:Scènes villageoises de la forêt-Noire (IA scnesvillageoise00auer).pdf	search:Doré La Grande Bible de Tours	739	1085
File:Sodoma (89393948).jpg	Category:Art depicting the Old Testament by Gustave Doré	3120	3880
File:Sodoma - Doré.jpg	Category:Art depicting the Old Testament by Gustave Doré	301	375
File:Sodoma Doré2.jpg	Category:Art depicting the Old Testament by Gustave Doré	600	752
File:StPeterattheHouseofCornelius.jpg	Category:Art depicting the New Testament by Gustave Doré	562	700
File:St Paul in prison.jpg	Category:Art depicting the New Testament by Gustave Doré	1600	1105
File:Tahiti et les colonies françaises de la Polynésie (IA tahitietlescolon00lech).pdf	search:Doré La Grande Bible de Tours	668	1041
File:Taine - Histoire de la littérature anglaise, t. 2, 1905.djvu	search:Doré La Grande Bible de Tours	2086	3444
File:The Babbler; a drama for boys, in one act (IA babblerdramaforb00unse).pdf	search:Gustave Doré The Holy Bible Plate	600	904
File:The Bible and its story.. (1908) (14576508228).jpg	Category:Art depicting the Old Testament by Gustave Doré	2030	2976
File:The Bible and its story.. (1908) (14586328968).jpg	search:Dore Bible illustration	2412	3756
File:The Bible and its story.. (1908) (14762806222).jpg	search:Dore Bible illustration	2034	2968
File:The Bible and its story.. (1908) (14772974735).jpg	Category:Art depicting the Old Testament by Gustave Doré	2880	2052
File:The Bible and its story.. (1908) (14779557691).jpg	search:Dore Bible illustration	2204	1471
File:The Bible and its story.. (1908) (14792889853).jpg	search:Dore Bible illustration	2912	1944
File:The Bible gallery (IA biblegallery00dore).pdf	search:Gustave Doré The Holy Bible Plate	1377	1854
File:The Bible panorama, or The Holy Scriptures in picture and story (1891) (14598212600).jpg	Category:Art depicting the Old Testament by Gustave Doré	2612	3250
File:The Bible panorama, or The Holy Scriptures in picture and story (1891) (14598234930).jpg	Category:Art depicting the Old Testament by Gustave Doré	2630	3278
File:The Bible panorama, or The Holy Scriptures in picture and story (1891) (14598240320).jpg	search:Dore Bible illustration	2584	3202
File:The Bible panorama, or The Holy Scriptures in picture and story (1891) (14598251719).jpg	search:Dore Bible illustration	2618	3260
File:The Bible panorama, or The Holy Scriptures in picture and story (1891) (14598255638).jpg	search:Dore Bible illustration	2618	3262
File:The Bible panorama, or The Holy Scriptures in picture and story (1891) (14598256800).jpg	search:Dore Bible illustration	2572	3214
File:The Bible panorama, or The Holy Scriptures in picture and story (1891) (14598264689).jpg	search:Dore Bible illustration	2624	2236
File:The Bible panorama, or The Holy Scriptures in picture and story (1891) (14598265629).jpg	search:Dore Bible illustration	2568	3202
File:The Bible panorama, or The Holy Scriptures in picture and story (1891) (14598285300).jpg	search:Dore Bible illustration	2668	3288
File:The Bible panorama, or The Holy Scriptures in picture and story (1891) (14598288918).jpg	search:Dore Bible illustration	2580	3222
File:The Bible panorama, or The Holy Scriptures in picture and story (1891) (14598295740).jpg	search:Dore Bible illustration	2542	3284
File:The Bible panorama, or The Holy Scriptures in picture and story (1891) (14598300480).jpg	search:Dore Bible illustration	2644	3268
File:The Bible panorama, or The Holy Scriptures in picture and story (1891) (14598310479).jpg	search:Dore Bible illustration	2632	3278
File:The Bible panorama, or The Holy Scriptures in picture and story (1891) (14598324158).jpg	search:Dore Bible illustration	2652	3302
File:The Bible panorama, or The Holy Scriptures in picture and story (1891) (14598333398).jpg	search:Dore Bible illustration	2654	3272
File:The Bible panorama, or The Holy Scriptures in picture and story (1891) (14598336348).jpg	search:Dore Bible illustration	2662	3322
File:The Bible panorama, or The Holy Scriptures in picture and story (1891) (14598352919).jpg	search:Dore Bible illustration	2670	3270
File:The Bible panorama, or The Holy Scriptures in picture and story (1891) (14598361689).jpg	search:Dore Bible illustration	2516	3244
File:The Bible panorama, or The Holy Scriptures in picture and story (1891) (14598368358).jpg	Category:Art depicting the New Testament by Gustave Doré	2610	3264
File:The Bible panorama, or The Holy Scriptures in picture and story (1891) (14598369549).jpg	search:Dore Bible illustration	2698	3292
File:The Bible panorama, or The Holy Scriptures in picture and story (1891) (14598376288).jpg	search:Dore Bible illustration	2626	3244
File:The Bible panorama, or The Holy Scriptures in picture and story (1891) (14598391989).jpg	search:Dore Bible illustration	2620	3284
File:The Bible panorama, or The Holy Scriptures in picture and story (1891) (14598393068).jpg	search:Dore Bible illustration	2606	3236
File:The Bible panorama, or The Holy Scriptures in picture and story (1891) (14598394969).jpg	search:Dore Bible illustration	2296	3054
File:The Bible panorama, or The Holy Scriptures in picture and story (1891) (14598401208).jpg	search:Dore Bible illustration	2650	3286
File:The Bible panorama, or The Holy Scriptures in picture and story (1891) (14598401217).jpg	search:Dore Bible illustration	2616	3262
File:The Bible panorama, or The Holy Scriptures in picture and story (1891) (14598407958).jpg	search:Dore Bible illustration	2664	3268
File:The Bible panorama, or The Holy Scriptures in picture and story (1891) (14598436427).jpg	search:Dore Bible illustration	2592	3236
File:The Bible panorama, or The Holy Scriptures in picture and story (1891) (14598456337).jpg	Category:Art depicting the Old Testament by Gustave Doré	2572	3209
File:The Bible panorama, or The Holy Scriptures in picture and story (1891) (14598485757).jpg	search:Dore Bible illustration	2612	3228
File:The Bible panorama, or The Holy Scriptures in picture and story (1891) (14598498127).jpg	Category:Art depicting the New Testament by Gustave Doré	2610	3264
File:The Bible panorama, or The Holy Scriptures in picture and story (1891) (14598506157).jpg	search:Dore Bible illustration	2678	3278
File:The Bible panorama, or The Holy Scriptures in picture and story (1891) (14598514637).jpg	search:Dore Bible illustration	2582	3222
File:The Bible panorama, or The Holy Scriptures in picture and story (1891) (14598521267).jpg	search:Dore Bible illustration	2586	3230
File:The Bible panorama, or The Holy Scriptures in picture and story (1891) (14598534357).jpg	search:Dore Bible illustration	2622	3256
File:The Bible panorama, or The Holy Scriptures in picture and story (1891) (14761921776).jpg	Category:Art depicting the Old Testament by Gustave Doré	2620	3260
File:The Bible panorama, or The Holy Scriptures in picture and story (1891) (14761938386).jpg	search:Dore Bible illustration	2638	3298
File:The Bible panorama, or The Holy Scriptures in picture and story (1891) (14761939436).jpg	search:Dore Bible illustration	2630	3268
File:The Bible panorama, or The Holy Scriptures in picture and story (1891) (14761956486).jpg	search:Dore Bible illustration	2642	3288
File:The Bible panorama, or The Holy Scriptures in picture and story (1891) (14761973786).jpg	search:Dore Bible illustration	3280	2598
File:The Bible panorama, or The Holy Scriptures in picture and story (1891) (14761989226).jpg	search:Dore Bible illustration	2682	3312
File:The Bible panorama, or The Holy Scriptures in picture and story (1891) (14762059356).jpg	search:Dore Bible illustration	2616	3248
File:The Bible panorama, or The Holy Scriptures in picture and story (1891) (14781793391).jpg	search:Dore Bible illustration	2616	3230
File:The Bible panorama, or The Holy Scriptures in picture and story (1891) (14781807381).jpg	search:Dore Bible illustration	2594	3194
File:The Bible panorama, or The Holy Scriptures in picture and story (1891) (14781812371).jpg	search:Dore Bible illustration	2588	3230
File:The Bible panorama, or The Holy Scriptures in picture and story (1891) (14781813691).jpg	search:Dore Bible illustration	2586	3226
File:The Bible panorama, or The Holy Scriptures in picture and story (1891) (14781818191).jpg	search:Dore Bible illustration	2590	3224
File:The Bible panorama, or The Holy Scriptures in picture and story (1891) (14781819761).jpg	search:Dore Bible illustration	2576	3226
File:The Bible panorama, or The Holy Scriptures in picture and story (1891) (14781827461).jpg	search:Dore Bible illustration	2652	3278
File:The Bible panorama, or The Holy Scriptures in picture and story (1891) (14781863181).jpg	search:Dore Bible illustration	2652	3310
File:The Bible panorama, or The Holy Scriptures in picture and story (1891) (14781904181).jpg	search:Dore Bible illustration	2572	3238
File:The Bible panorama, or The Holy Scriptures in picture and story (1891) (14782557884).jpg	search:Dore Bible illustration	2574	3222
File:The Bible panorama, or The Holy Scriptures in picture and story (1891) (14782565394).jpg	search:Dore Bible illustration	2606	3270
File:The Bible panorama, or The Holy Scriptures in picture and story (1891) (14782566664).jpg	search:Dore Bible illustration	3200	2550
File:The Bible panorama, or The Holy Scriptures in picture and story (1891) (14782582774).jpg	search:Dore Bible illustration	3312	2690
File:The Bible panorama, or The Holy Scriptures in picture and story (1891) (14782588424).jpg	search:Dore Bible illustration	2642	3276
File:The Bible panorama, or The Holy Scriptures in picture and story (1891) (14782598304).jpg	search:Dore Bible illustration	2636	3260
File:The Bible panorama, or The Holy Scriptures in picture and story (1891) (14782600474).jpg	search:Dore Bible illustration	2592	3232
File:The Bible panorama, or The Holy Scriptures in picture and story (1891) (14782623624).jpg	search:Dore Bible illustration	2634	3254
File:The Bible panorama, or The Holy Scriptures in picture and story (1891) (14782624824).jpg	search:Dore Bible illustration	2628	3308
File:The Bible panorama, or The Holy Scriptures in picture and story (1891) (14782646404).jpg	search:Dore Bible illustration	2594	3234
File:The Bible panorama, or The Holy Scriptures in picture and story (1891) (14782647364).jpg	search:Dore Bible illustration	2590	3216
File:The Bible panorama, or The Holy Scriptures in picture and story (1891) (14782648704).jpg	search:Dore Bible illustration	2662	3272
File:The Bible panorama, or The Holy Scriptures in picture and story (1891) (14782665764).jpg	search:Dore Bible illustration	2624	3258
File:The Bible panorama, or The Holy Scriptures in picture and story (1891) (14782670064).jpg	search:Dore Bible illustration	2576	3220
File:The Bible panorama, or The Holy Scriptures in picture and story (1891) (14782682504).jpg	search:Dore Bible illustration	2630	3284
File:The Bible panorama, or The Holy Scriptures in picture and story (1891) (14782683624).jpg	search:Dore Bible illustration	2614	3226
File:The Bible panorama, or The Holy Scriptures in picture and story (1891) (14784654082).jpg	search:Dore Bible illustration	2628	3270
File:The Bible panorama, or The Holy Scriptures in picture and story (1891) (14784692362).jpg	search:Dore Bible illustration	2576	3202
File:The Bible panorama, or The Holy Scriptures in picture and story (1891) (14784895705).jpg	search:Dore Bible illustration	2590	3202
File:The Bible panorama, or The Holy Scriptures in picture and story (1891) (14785009535).jpg	search:Dore Bible illustration	2576	3222
File:The Bible panorama, or The Holy Scriptures in picture and story (1891) (14785018525).jpg	search:Dore Bible illustration	2594	3262
File:The Bible panorama, or The Holy Scriptures in picture and story (1891) (14785046505).jpg	search:Dore Bible illustration	2634	3268
File:The Bible panorama, or The Holy Scriptures in picture and story (1891) (14804865203).jpg	search:Dore Bible illustration	2640	3260
File:The Bible panorama, or The Holy Scriptures in picture and story (1891) (14804881223).jpg	Category:Art depicting the New Testament by Gustave Doré	2614	3280
File:The Bible panorama, or The Holy Scriptures in picture and story (1891) (14804893263).jpg	search:Dore Bible illustration	2628	3242
File:TheCrownofThornsDore.jpg	Category:Art depicting the New Testament by Gustave Doré	798	1000
File:The Birth of Jesus.jpg	Category:Art depicting the New Testament by Gustave Doré	4596	5640
File:The Bombay Gazette, 12 May 1868 (IA dli.granth.23980).pdf	search:Gustave Doré The Holy Bible Plate	2868	3812
File:The Bombay Gazette, 14 May 1868 (IA dli.granth.23982).pdf	search:Gustave Doré The Holy Bible Plate	2868	3812
File:The Christian Martyrs by G.Dore (1871).jpg	Category:Art depicting the New Testament by Gustave Doré	1000	634
File:The Dead Christ — Doré Bible illustration (Cassell, c.1870).jpg	Category:Art depicting the New Testament by Gustave Doré	831	1126
File:The Death of Eleazar (cropped).jpg	Category:Doré's English Bible	451	468
File:The Death of Jezebel.jpg	Category:Art depicting the Old Testament by Gustave Doré	508	636
File:The Death of Jezebel (89401984).jpg	Category:Art depicting the Old Testament by Gustave Doré	3113	3849
File:The Death of Samson (89398009).jpg	Category:Art depicting the Old Testament by Gustave Doré	3101	3858
File:The Death of Stephen (89485178).jpg	Category:Art depicting the New Testament by Gustave Doré	3352	4182
File:The Death of Stephen by Gustave Doré.jpg	Category:Art depicting the New Testament by Gustave Doré	512	642
File:The Doré Bible Gallery (1886).pdf	search:Dore Bible illustration	1316	1879
File:The Doré Bible gallery (IA dorbiblegallery00dorg).pdf	Category:Bible illustrations by Gustave Doré	1343	1691
File:The Doré Bible gallery - containing one hundred superb illustrations and a page of explanatory letter-press facing each (IA dorbiblegaller00dorrich).pdf	Category:Doré's English Bible	1127	1716
File:The Enterprise 1909-12-18 (IA cssf 000743).pdf	search:Gustave Doré The Holy Bible Plate	2512	3883
File:The Levite and the concubine (89398076).jpg	Category:Art depicting the Old Testament by Gustave Doré	3140	3900
File:The Pharisee and the publican.jpg	Category:Art depicting the New Testament by Gustave Doré	476	602
File:The Photographic news - a weekly record of the progress of photography (IA photographicnews12unse).pdf	search:Gustave Doré The Holy Bible Plate	1058	1520
File:The Vision of The Valley of The Dry Bones.jpg	Category:Art depicting the Old Testament by Gustave Doré	4936	6000
File:The Windsor magazine - an illustrated monthly for men and women (IA acd6136.0029.001.umich.edu).pdf	search:Gustave Doré The Holy Bible Plate	1258	1425
File:The beggar Lazarus begs at the gate of the rich man.jpg	Category:Art depicting the Old Testament by Gustave Doré	475	602
File:The builder (IA gri 33125006201970).pdf	search:Gustave Doré The Holy Bible Plate	1025	1500
File:The cry for justice - an anthology of the literature of social protest. - (IA cryforjusticea00sinc).pdf	search:Gustave Doré The Holy Bible Plate	656	1033
File:The deaf mutes of Canada (microform) - a history of their education, with an account of the deaf mute institutions of the Dominion, and a description of all known finger and sign alphabets (IA cihm 01542).pdf	search:Gustave Doré The Holy Bible Plate	1033	1339
File:The dream of Pilate's wife by Alphonse François.jpg	Category:Art depicting the New Testament by Gustave Doré	873	589
File:The economizer (IA economizer00rand).pdf	search:Gustave Doré The Holy Bible Plate	525	1004
File:The history of the English Bible - studied by the library method (IA cu31924029271843).pdf	search:Dore Bible illustration	704	1093
File:The illustrated history of the Bible .. (IA illustratedhisto02smit).pdf	search:Dore Bible illustration	1052	1645
File:The narrative Bible (IA narrativebible00john).pdf	search:Dore Bible illustration	1002	1416
File:The new spirit in Egypt (IA newspiritinegypt00fyferich).pdf	search:Gustave Doré The Holy Bible Plate	727	1116
File:The prophets of the Bible, and the seven churches (IA prophetsofbibles00nobl).pdf	search:Dore Bible illustration	1220	2166
File:The religion of Ruskin. The life and works of John Ruskin; a biographical and anthological study (IA religionofruskin00rusk).pdf	search:Gustave Doré The Holy Bible Plate	902	1335
File:The trial of Sir Jasper - a temperance tale, in verse (IA trialofsirjasper00hallrich).pdf	search:Gustave Doré The Holy Bible Plate	604	1010
File:The walls of Jericho falling down — Doré Bible illustration (Cassell, c.1870).jpg	Category:Art depicting the Old Testament by Gustave Doré	834	1129
File:Title page of The Holy Bible (Cassell, Petter & Galpin, c.1870).jpg	Category:The Holy Bible (Cassell, Petter & Galpin)	864	1148
File:Traité historique et pratique de la syphilis (IA traithistoriquee00unse).pdf	search:Doré La Grande Bible de Tours	804	1372
File:Trial of Abraham's faith.png	Category:Doré's English Bible	337	422
File:Une journée malheureuse - désespoir d'un guitarrero - (estampe) (Fumé) - G. Doré ; Fournier - btv1b103211967.jpg	search:Dore Bible illustration	2950	3529
File:Uzanne - L’Art et les artifices de la beauté, 1902.djvu	search:Doré La Grande Bible de Tours	2752	3895
File:Victor Guérin - Description géographique, historique et archéologique de la Palestine, Judée, tome 1, 1868 (IA descriptiongeogr01guer).pdf	search:Doré La Grande Bible de Tours	1556	2112
File:Vignette, fumé pour l'illustration de - L'Arioste, "Roland furieux" - (estampe) (Fumé) - G. Doré ; Jonnard - btv1b103211626.jpg	search:Dore Bible illustration	3800	4412
File:Villey - Les Sources italiennes de la Deffence et Illustration de la langue françoise, 1908.djvu	search:Doré La Grande Bible de Tours	1643	2734
File:Vindication of Susanna.jpg	Category:Art depicting the Old Testament by Gustave Doré	445	600
File:Voyage au pays des peintres - Salon Universel de 1878 - avec des dessins autographes de M.M. Albert-Lefeuvre, Bastien-Lepage, Louis Gollin, G. Doré ... (IA gri 33125012265217).pdf	search:Doré La Grande Bible de Tours	931	1450
File:Voyage pittoresque de Paris, ou, Indication de tout ce qu'il y a de plus beau dans cette grande ville, en peinture, sculpture, & architecture (IA gri 000033125008620326).pdf	search:Doré La Grande Bible de Tours	475	725
File:Witch of Endor. Dore 1866.jpg	Category:Art depicting the Old Testament by Gustave Doré	2370	3230
File:World Destroyed by Water.png	Category:Art depicting the Old Testament by Gustave Doré	515	622
File:World Destroyed by Water (89393335).jpg	Category:Art depicting the Old Testament by Gustave Doré	3092	3876
File:World Destroyed by Water — Doré Bible illustration (Cassell, c.1870).jpg	Category:Art depicting the Old Testament by Gustave Doré	816	1135
File:Yuval Caspi 16.jpg	Category:Deborah Praises Jael	2443	3272
File:Zechariah's Vision of Four Chariots (89472609).jpg	Category:Art depicting the Old Testament by Gustave Doré	3328	4128
File:Ιησούς και Σαμαρείτιδα.jpg	Category:Art depicting the New Testament by Gustave Doré	784	1000
File:Ο ιησούς και η μοιχαλίδα.jpg	Category:Art depicting the New Testament by Gustave Doré	199	240
File:Гюстав Доре. Смерть Самсона.jpg	Category:Art depicting the Old Testament by Gustave Doré	2353	3203
File:Живописное обозрение 1886, № 01-26 (5 янв. - 23 июня); № 27-52 (6 июля - 28 дек.) Page 357.jpg	Category:Art depicting the Old Testament by Gustave Doré	3000	4150
File:Живописное обозрение 1890, № 01-26 (1 янв. - 24 июня); № 27-52 (1 июля - 23 дек.) Page 0652.jpg	Category:Art depicting the New Testament by Gustave Doré	1990	2894
File:Живописное обозрение 1891, № 01-26 (6 янв. - 30 июня); № 27-52 (7 июля - 29 дек.) Page 0229.jpg	Category:Art depicting the New Testament by Gustave Doré	3100	4150
File:Рицпа отгоняет птиц. Географ.png	Category:Art depicting the Old Testament by Gustave Doré	1677	320
