# 이름<TAB>위키미디어 공용 검색어 (첫 결과 파일을 1600px 로, 출처 · 저작권 표시는 art/raw/manifest.tsv 에)
psalm23	Doré David shepherd psalm engraving
creation	Doré creation of light engraving
noah	Doré deluge ark engraving
david_goliath	Doré David Goliath engraving
moses_sea	Doré Red Sea Egyptians engraving
daniel	Doré Daniel lions den engraving
jonah	Doré Jonah whale engraving
nativity	Doré nativity engraving
samaritan	Doré good samaritan engraving
prodigal	Doré prodigal son engraving
sermon	Doré sermon on the mount engraving
calm_storm	Doré Jesus stilling tempest engraving
